sync_id,terminal_id,sync_ts,sync_status,records_sent,records_received,error_message,retry_count,last_success_ts,created_at
SYNC1000,TERM-001-4,2025-11-11 14:24:54,SUCCESS,74,89,,1,2025-11-28 01:21:55,2025-11-04 23:41:59
SYNC1001,TERM-001-2,2025-11-09 08:54:39,FAILED,142,121,Network error,1,2025-11-25 13:07:30,2025-11-16 21:45:26
SYNC1002,TERM-001-2,2025-11-21 10:42:40,FAILED,49,189,Network error,0,2025-11-29 19:16:59,2025-11-27 21:29:24
SYNC1003,TERM-001-4,2025-11-15 19:50:21,SUCCESS,6,139,,0,2025-11-26 14:50:10,2025-11-29 18:37:45
SYNC1004,TERM-001-2,2025-11-28 16:48:53,FAILED,103,191,Network error,2,2025-11-29 20:32:38,2025-11-03 19:28:22
SYNC1005,TERM-001-3,2025-12-01 14:49:29,FAILED,23,128,Network error,3,2025-11-23 03:24:49,2025-11-20 19:49:54
SYNC1006,TERM-001-2,2025-11-21 18:42:09,SUCCESS,45,65,,0,2025-12-02 06:27:34,2025-11-03 18:17:53
SYNC1007,TERM-001-2,2025-11-30 05:56:11,FAILED,114,163,Network error,3,2025-11-26 00:02:47,2025-11-25 02:05:24
SYNC1008,TERM-001-3,2025-11-27 20:36:04,SUCCESS,50,18,,2,2025-11-24 19:21:43,2025-11-05 01:14:35
SYNC1009,TERM-001-1,2025-11-22 15:01:19,SUCCESS,190,42,,3,2025-11-24 04:23:35,2025-11-23 01:31:34
SYNC1010,TERM-001-3,2025-11-16 12:37:12,SUCCESS,147,153,,0,2025-11-27 07:40:07,2025-11-18 11:54:12
SYNC1011,TERM-001-2,2025-11-26 18:28:41,SUCCESS,104,30,,2,2025-11-28 20:29:44,2025-11-29 21:14:03
SYNC1012,TERM-001-2,2025-12-01 01:15:34,SUCCESS,83,171,,0,2025-11-29 02:44:59,2025-11-26 15:45:20
SYNC1013,TERM-001-2,2025-11-11 00:18:07,SUCCESS,32,132,,3,2025-11-25 15:30:17,2025-11-15 09:42:17
SYNC1014,TERM-001-4,2025-11-16 23:42:21,SUCCESS,6,200,,0,2025-11-27 02:49:16,2025-11-14 04:06:52
SYNC1015,TERM-001-1,2025-11-06 09:13:28,SUCCESS,113,81,,2,2025-11-24 03:00:49,2025-11-28 02:58:04
SYNC1016,TERM-001-2,2025-11-15 23:57:40,SUCCESS,127,192,,2,2025-12-02 01:36:59,2025-11-09 04:25:54
SYNC1017,TERM-001-4,2025-11-04 11:31:15,SUCCESS,114,191,,0,2025-11-29 10:16:23,2025-11-10 18:50:22
SYNC1018,TERM-001-3,2025-11-24 15:47:30,SUCCESS,170,94,,0,2025-11-26 02:36:33,2025-11-30 20:11:50
SYNC1019,TERM-001-2,2025-11-14 07:47:09,FAILED,36,21,Network error,3,2025-11-30 17:13:22,2025-11-29 22:18:23
SYNC1020,TERM-001-2,2025-11-04 13:09:41,FAILED,120,159,Network error,3,2025-11-29 13:05:25,2025-11-27 10:21:56
SYNC1021,TERM-001-3,2025-11-06 20:48:26,FAILED,39,21,Network error,1,2025-11-30 17:12:37,2025-11-06 06:44:55
SYNC1022,TERM-001-2,2025-11-09 08:26:55,FAILED,90,14,Network error,1,2025-11-24 01:52:18,2025-11-04 05:54:26
SYNC1023,TERM-001-2,2025-11-11 05:13:23,FAILED,144,179,Network error,3,2025-12-01 12:34:05,2025-11-05 23:45:52
SYNC1024,TERM-001-2,2025-11-18 23:07:48,FAILED,96,17,Network error,0,2025-11-30 08:35:10,2025-11-07 01:48:53
SYNC1025,TERM-001-3,2025-11-09 02:54:24,SUCCESS,182,111,,2,2025-11-30 05:33:29,2025-11-27 01:12:15
SYNC1026,TERM-001-3,2025-11-19 13:57:05,FAILED,182,71,Network error,0,2025-11-23 08:21:35,2025-11-12 14:28:42
SYNC1027,TERM-001-2,2025-11-21 00:07:09,SUCCESS,189,147,,3,2025-11-28 14:00:11,2025-11-15 22:29:29
SYNC1028,TERM-001-2,2025-11-03 22:54:09,SUCCESS,3,78,,0,2025-11-26 08:08:26,2025-11-16 12:12:05
SYNC1029,TERM-001-2,2025-11-07 15:35:43,SUCCESS,171,175,,2,2025-12-01 01:50:43,2025-11-21 05:16:26
SYNC1030,TERM-001-2,2025-11-18 12:16:07,FAILED,2,140,Network error,3,2025-11-24 09:40:21,2025-11-13 13:27:02
SYNC1031,TERM-001-2,2025-11-26 02:46:15,SUCCESS,95,178,,0,2025-11-22 11:51:00,2025-11-02 10:59:16
SYNC1032,TERM-001-2,2025-11-28 11:42:32,FAILED,189,39,Network error,1,2025-11-27 21:13:28,2025-11-26 13:57:37
SYNC1033,TERM-001-2,2025-11-25 12:15:58,SUCCESS,144,156,,0,2025-11-26 21:51:17,2025-11-06 03:37:59
SYNC1034,TERM-001-4,2025-12-02 05:29:41,SUCCESS,98,37,,1,2025-11-23 01:16:32,2025-11-04 15:26:16
SYNC1035,TERM-001-4,2025-11-12 09:09:13,SUCCESS,99,149,,2,2025-11-24 12:47:58,2025-11-10 02:08:22
SYNC1036,TERM-001-2,2025-11-23 07:36:42,SUCCESS,50,149,,1,2025-11-22 17:18:23,2025-11-25 11:55:21
SYNC1037,TERM-001-1,2025-11-14 03:25:15,FAILED,80,125,Network error,2,2025-11-25 21:08:25,2025-11-24 22:30:18
SYNC1038,TERM-001-1,2025-11-27 03:08:50,SUCCESS,185,82,,2,2025-12-01 11:07:53,2025-11-16 07:51:57
SYNC1039,TERM-001-2,2025-11-14 00:59:24,FAILED,58,94,Network error,3,2025-11-24 08:23:21,2025-11-23 02:04:12
SYNC1040,TERM-001-2,2025-11-25 02:28:35,FAILED,27,39,Network error,2,2025-11-25 12:17:57,2025-11-28 05:18:55
SYNC1041,TERM-001-2,2025-11-17 10:14:47,SUCCESS,165,51,,3,2025-11-27 12:32:29,2025-11-15 14:39:31
SYNC1042,TERM-001-3,2025-11-13 00:59:37,FAILED,12,193,Network error,1,2025-11-23 08:10:26,2025-11-05 09:38:28
SYNC1043,TERM-001-2,2025-11-12 12:54:17,SUCCESS,104,73,,3,2025-11-24 02:26:12,2025-11-12 23:51:56
SYNC1044,TERM-001-4,2025-11-13 15:48:21,FAILED,171,111,Network error,3,2025-11-29 00:14:09,2025-11-19 13:59:01
SYNC1045,TERM-001-2,2025-11-14 21:37:13,FAILED,134,65,Network error,3,2025-11-25 08:15:23,2025-11-24 01:52:44
SYNC1046,TERM-001-3,2025-11-23 11:59:23,SUCCESS,188,16,,0,2025-11-28 05:41:42,2025-11-13 20:39:48
SYNC1047,TERM-001-2,2025-11-05 01:47:19,SUCCESS,23,195,,2,2025-12-01 11:08:23,2025-11-19 15:46:47
SYNC1048,TERM-001-4,2025-11-29 00:00:28,FAILED,153,36,Network error,0,2025-11-26 13:25:36,2025-11-28 12:27:03
SYNC1049,TERM-001-4,2025-11-10 20:18:50,SUCCESS,194,46,,3,2025-11-23 08:02:13,2025-11-22 22:11:33
